final_judg,proportion,stance
NTA,0.8229976209357652,positive
YTA,0.11942902458366376,negative
NAH,0.02965900079302141,positive
ESH,0.027914353687549565,negative
